[
  {
    "id": "bd2fea6c-6157-4223-9cdd-26028c7f3206",
    "data": [
      {
        "text": "reservar ",
        "userDefined": false
      },
      {
        "text": "quarto",
        "meta": "@sys.ignore",
        "userDefined": false
      }
    ],
    "isTemplate": false,
    "count": 0,
    "lang": "pt-br",
    "updated": 0
  },
  {
    "id": "0975e608-8f93-4e59-874e-43b8c8f5d1a5",
    "data": [
      {
        "text": "fazer a",
        "meta": "@sys.ignore",
        "userDefined": false
      },
      {
        "text": " reserva de ",
        "userDefined": false
      },
      {
        "text": "um quarto",
        "meta": "@sys.ignore",
        "userDefined": false
      }
    ],
    "isTemplate": false,
    "count": 0,
    "lang": "pt-br",
    "updated": 0
  },
  {
    "id": "f80a5bdb-9354-4af8-a6d6-d879f1865b3e",
    "data": [
      {
        "text": "gostaria de reserva de ",
        "userDefined": false
      },
      {
        "text": "um quarto",
        "meta": "@sys.ignore",
        "userDefined": false
      }
    ],
    "isTemplate": false,
    "count": 0,
    "lang": "pt-br",
    "updated": 0
  }
]