[
  {
    "id": "7197776f-c3a1-4b04-a563-c3cdb25a24f0",
    "data": [
      {
        "text": "2 adultos",
        "meta": "@QtdAdultos",
        "alias": "QtdAdultos",
        "userDefined": false
      },
      {
        "text": " apenas",
        "userDefined": false
      }
    ],
    "isTemplate": false,
    "count": 0,
    "lang": "pt-br",
    "updated": 0
  },
  {
    "id": "ec3f3f3d-1954-490b-833e-662060445e81",
    "data": [
      {
        "text": "serão ",
        "userDefined": false
      },
      {
        "text": "2 adultos",
        "meta": "@QtdAdultos",
        "alias": "QtdAdultos",
        "userDefined": true
      },
      {
        "text": " e ",
        "userDefined": false
      },
      {
        "text": "2 crianças",
        "meta": "@QtdCriancas",
        "alias": "QtdCriancas",
        "userDefined": true
      }
    ],
    "isTemplate": false,
    "count": 0,
    "lang": "pt-br",
    "updated": 0
  }
]