[
  {
    "id": "baae9621-c17a-4335-b16f-f92172d12087",
    "data": [
      {
        "text": "do dia ",
        "userDefined": false
      },
      {
        "text": "29/01",
        "meta": "@check-in",
        "alias": "check-in",
        "userDefined": true
      },
      {
        "text": " até ",
        "userDefined": false
      },
      {
        "text": "3/02",
        "meta": "@check-out",
        "alias": "check-out",
        "userDefined": true
      }
    ],
    "isTemplate": false,
    "count": 0,
    "lang": "pt-br",
    "updated": 0
  },
  {
    "id": "f0c4f6ad-4e77-4b40-9660-1d37862d2b34",
    "data": [
      {
        "text": "vou ficar do dia ",
        "userDefined": false
      },
      {
        "text": "29 de janeiro",
        "meta": "@check-in",
        "alias": "check-in",
        "userDefined": true
      },
      {
        "text": " até ",
        "userDefined": false
      },
      {
        "text": "3 de fevereiro",
        "meta": "@check-out",
        "alias": "check-out",
        "userDefined": true
      }
    ],
    "isTemplate": false,
    "count": 0,
    "lang": "pt-br",
    "updated": 0
  }
]