[
  {
    "id": "835bcce6-b6c5-4671-8c10-c3237442841a",
    "data": [
      {
        "text": "o ",
        "userDefined": false
      },
      {
        "text": "check-in",
        "meta": "@check-in",
        "alias": "check-in",
        "userDefined": false
      },
      {
        "text": " será as ",
        "userDefined": false
      },
      {
        "text": "11h",
        "meta": "@sys.date-time",
        "alias": "date-time",
        "userDefined": false
      },
      {
        "text": " e o ",
        "userDefined": false
      },
      {
        "text": "check-out",
        "meta": "@check-out",
        "alias": "check-out",
        "userDefined": false
      },
      {
        "text": " será ",
        "userDefined": false
      },
      {
        "text": "15h",
        "meta": "@sys.date-time",
        "alias": "date-time1",
        "userDefined": false
      }
    ],
    "isTemplate": false,
    "count": 0,
    "lang": "pt-br",
    "updated": 0
  }
]