[
  {
    "id": "d3066593-955e-4a9c-91f8-6393622a8ef7",
    "data": [
      {
        "text": "check-",
        "userDefined": false
      },
      {
        "text": "out",
        "meta": "@sys.ignore",
        "userDefined": false
      }
    ],
    "isTemplate": false,
    "count": 0,
    "lang": "pt-br",
    "updated": 0
  },
  {
    "id": "7b916a20-d31e-4980-b76e-4a622c1821a5",
    "data": [
      {
        "text": "quero fazer check-",
        "userDefined": false
      },
      {
        "text": "out",
        "meta": "@sys.ignore",
        "userDefined": false
      }
    ],
    "isTemplate": false,
    "count": 0,
    "lang": "pt-br",
    "updated": 0
  }
]