[
  {
    "id": "9afd4c1f-efd9-4541-bbf4-1cd97b62764f",
    "data": [
      {
        "text": "Nova Santa Rita",
        "meta": "@sys.location",
        "alias": "location",
        "userDefined": true
      }
    ],
    "isTemplate": false,
    "count": 0,
    "lang": "pt-br",
    "updated": 0
  },
  {
    "id": "f5b9859a-ad78-443c-80e3-ed2bd95123eb",
    "data": [
      {
        "text": "Canoas",
        "meta": "@sys.location",
        "alias": "location",
        "userDefined": false
      }
    ],
    "isTemplate": false,
    "count": 0,
    "lang": "pt-br",
    "updated": 0
  },
  {
    "id": "4f7dba64-9409-487d-bcc1-09a9abf12033",
    "data": [
      {
        "text": "Porto Alegre",
        "meta": "@sys.location",
        "alias": "location",
        "userDefined": false
      }
    ],
    "isTemplate": false,
    "count": 0,
    "lang": "pt-br",
    "updated": 0
  }
]