[
  {
    "id": "506b3196-823c-49bc-9c75-a5e8dfea8098",
    "data": [
      {
        "text": "local do ",
        "userDefined": false
      },
      {
        "text": "hotel",
        "meta": "@sys.ignore",
        "userDefined": false
      }
    ],
    "isTemplate": false,
    "count": 0,
    "lang": "pt-br",
    "updated": 0
  },
  {
    "id": "6d8a2137-338f-42d0-9e8d-80dac774bce7",
    "data": [
      {
        "text": "de ",
        "userDefined": false
      },
      {
        "text": "uma",
        "meta": "@sys.ignore",
        "userDefined": false
      },
      {
        "text": " instalação do ",
        "userDefined": false
      },
      {
        "text": "hotel",
        "meta": "@sys.ignore",
        "userDefined": false
      }
    ],
    "isTemplate": false,
    "count": 0,
    "lang": "pt-br",
    "updated": 0
  },
  {
    "id": "09250f6f-c5ac-42a6-9b44-e82f6256b7ac",
    "data": [
      {
        "text": "de ",
        "userDefined": false
      },
      {
        "text": "um lugar",
        "meta": "@sys.ignore",
        "userDefined": false
      },
      {
        "text": " do ",
        "userDefined": false
      },
      {
        "text": "hotel",
        "meta": "@sys.ignore",
        "userDefined": false
      }
    ],
    "isTemplate": false,
    "count": 0,
    "lang": "pt-br",
    "updated": 0
  },
  {
    "id": "8b1cb86e-c800-4f87-b2e0-c152e40d49c5",
    "data": [
      {
        "text": "de um local do ",
        "userDefined": false
      },
      {
        "text": "hotel",
        "meta": "@sys.ignore",
        "userDefined": false
      }
    ],
    "isTemplate": false,
    "count": 0,
    "lang": "pt-br",
    "updated": 0
  }
]