[
  {
    "id": "a69e78d3-6b56-4df7-bffe-fd1ab1802496",
    "data": [
      {
        "text": "preciso de ",
        "userDefined": false
      },
      {
        "text": "ajuda",
        "meta": "@sys.ignore",
        "userDefined": false
      }
    ],
    "isTemplate": false,
    "count": 0,
    "lang": "pt-br",
    "updated": 0
  },
  {
    "id": "389f7b56-ac31-461c-9ae7-f25ee58a28c2",
    "data": [
      {
        "text": "em que vc pode me ajudar?",
        "userDefined": false
      }
    ],
    "isTemplate": false,
    "count": 0,
    "lang": "pt-br",
    "updated": 0
  },
  {
    "id": "c900a651-17df-452f-9b4e-fe65214c981e",
    "data": [
      {
        "text": "como vc pode me ajudar?",
        "userDefined": false
      }
    ],
    "isTemplate": false,
    "count": 0,
    "lang": "pt-br",
    "updated": 0
  },
  {
    "id": "d2f61be9-9bce-45fd-8492-96238ff9eaeb",
    "data": [
      {
        "text": "ajuda",
        "meta": "@sys.ignore",
        "userDefined": false
      }
    ],
    "isTemplate": false,
    "count": 1,
    "lang": "pt-br",
    "updated": 0
  }
]