[
  {
    "id": "13e2d82e-8d27-4998-8363-bd4a71096ef2",
    "data": [
      {
        "text": "clubes",
        "meta": "@sys.ignore",
        "userDefined": false
      },
      {
        "text": " por perto",
        "userDefined": false
      }
    ],
    "isTemplate": false,
    "count": 0,
    "lang": "pt-br",
    "updated": 0
  },
  {
    "id": "99233b9a-530b-4c50-a47d-2a91d597f149",
    "data": [
      {
        "text": "pontos turísticos",
        "meta": "@sys.ignore",
        "userDefined": false
      },
      {
        "text": " perto",
        "userDefined": false
      }
    ],
    "isTemplate": false,
    "count": 0,
    "lang": "pt-br",
    "updated": 0
  },
  {
    "id": "48a5aedd-f979-4817-8668-b07e45d5a922",
    "data": [
      {
        "text": "bares",
        "meta": "@sys.ignore",
        "userDefined": false
      }
    ],
    "isTemplate": false,
    "count": 0,
    "lang": "pt-br",
    "updated": 0
  },
  {
    "id": "5388a6d4-8038-45dd-8f44-27c5d53f4cfb",
    "data": [
      {
        "text": "bares",
        "meta": "@sys.ignore",
        "userDefined": false
      },
      {
        "text": " perto",
        "userDefined": false
      }
    ],
    "isTemplate": false,
    "count": 0,
    "lang": "pt-br",
    "updated": 0
  },
  {
    "id": "c523f48b-e948-49b0-99e9-e27308da566b",
    "data": [
      {
        "text": "restaurantes",
        "meta": "@sys.ignore",
        "userDefined": false
      }
    ],
    "isTemplate": false,
    "count": 0,
    "lang": "pt-br",
    "updated": 0
  },
  {
    "id": "43988d41-2116-4f39-bd60-129db5f2181a",
    "data": [
      {
        "text": "restaurantes",
        "meta": "@sys.ignore",
        "userDefined": false
      },
      {
        "text": " por perto",
        "userDefined": false
      }
    ],
    "isTemplate": false,
    "count": 0,
    "lang": "pt-br",
    "updated": 0
  }
]