[
  {
    "id": "ea36f1b6-06d5-445c-8f1e-1c724952fc1b",
    "data": [
      {
        "text": "quero fazer ",
        "userDefined": false
      },
      {
        "text": "uma",
        "meta": "@sys.ignore",
        "userDefined": false
      },
      {
        "text": " reserva",
        "userDefined": false
      }
    ],
    "isTemplate": false,
    "count": 0,
    "lang": "pt-br",
    "updated": 0
  },
  {
    "id": "cb0991a5-1650-44d3-b3d1-31832d1fa4bb",
    "data": [
      {
        "text": "reserva",
        "meta": "@sys.ignore",
        "userDefined": false
      }
    ],
    "isTemplate": false,
    "count": 0,
    "lang": "pt-br",
    "updated": 0
  },
  {
    "id": "23b128b2-f1a4-4bd4-ba4a-094870661bf4",
    "data": [
      {
        "text": "gostaria de fazer ",
        "userDefined": false
      },
      {
        "text": "uma",
        "meta": "@sys.ignore",
        "userDefined": false
      },
      {
        "text": " reserva",
        "userDefined": false
      }
    ],
    "isTemplate": false,
    "count": 0,
    "lang": "pt-br",
    "updated": 0
  }
]