[
  {
    "id": "e4ac2f7d-dc62-4876-a50d-7b37fb5135a9",
    "data": [
      {
        "text": "de ",
        "userDefined": false
      },
      {
        "text": "quartos",
        "meta": "@sys.ignore",
        "userDefined": false
      },
      {
        "text": " ",
        "userDefined": false
      },
      {
        "text": "para",
        "meta": "@sys.ignore",
        "userDefined": false
      },
      {
        "text": " estadia",
        "userDefined": false
      }
    ],
    "isTemplate": false,
    "count": 0,
    "lang": "pt-br",
    "updated": 0
  },
  {
    "id": "45baae0a-52fa-4cc9-a58e-270dd00b0d12",
    "data": [
      {
        "text": "de ",
        "userDefined": false
      },
      {
        "text": "quartos",
        "meta": "@sys.ignore",
        "userDefined": false
      }
    ],
    "isTemplate": false,
    "count": 0,
    "lang": "pt-br",
    "updated": 0
  },
  {
    "id": "c4394866-d1a0-450a-a358-1db56fc3a236",
    "data": [
      {
        "text": "quero ",
        "userDefined": false
      },
      {
        "text": "um quarto",
        "meta": "@sys.ignore",
        "userDefined": false
      }
    ],
    "isTemplate": false,
    "count": 0,
    "lang": "pt-br",
    "updated": 0
  },
  {
    "id": "188a7889-14d1-4449-8ba7-6323a1532b12",
    "data": [
      {
        "text": "gostaria de ",
        "userDefined": false
      },
      {
        "text": "um quarto",
        "meta": "@sys.ignore",
        "userDefined": false
      }
    ],
    "isTemplate": false,
    "count": 0,
    "lang": "pt-br",
    "updated": 0
  }
]